metric_type,max_k,strategy_explanation,comparison_type,comparison_columns,mean_jaccard_overlap,mean_intersection_size,mean_union_size,global_same_literature_reference_ratio
pairwise_molecule_overlap,3,,S1_1_vs_S2_1,S1_1 tanimoto_masked vs S2_1 tanimoto_conditions_masked,0.72027,2.333333,3.666667,
pairwise_molecule_overlap,3,,S1_1_vs_S3_1,S1_1 tanimoto_masked vs S3_1 tanimoto_conditions,0.72027,2.333333,3.666667,
pairwise_molecule_overlap,3,,S1_vs_S1_1,S1 descriptors_masked vs S1_1 tanimoto_masked,0.450901,1.68018,4.31982,
pairwise_molecule_overlap,3,,S1_vs_S2,S1 descriptors_masked vs S2 descriptors_conditions_masked,0.685586,2.216216,3.783784,
pairwise_molecule_overlap,3,,S1_vs_S2_1,S1 descriptors_masked vs S2_1 tanimoto_conditions_masked,0.422072,1.540541,4.459459,
pairwise_molecule_overlap,3,,S1_vs_S3,S1 descriptors_masked vs S3 descriptors_conditions,0.685586,2.216216,3.783784,
pairwise_molecule_overlap,3,,S1_vs_S3_1,S1 descriptors_masked vs S3_1 tanimoto_conditions,0.422072,1.540541,4.459459,
pairwise_molecule_overlap,3,,S2_vs_S1_1,S2 descriptors_conditions_masked vs S1_1 tanimoto_masked,0.421622,1.563063,4.436937,
pairwise_molecule_overlap,3,,S2_vs_S2_1,S2 descriptors_conditions_masked vs S2_1 tanimoto_conditions_masked,0.527928,1.887387,4.112613,
pairwise_molecule_overlap,3,,S2_vs_S3_1,S2 descriptors_conditions_masked vs S3_1 tanimoto_conditions,0.527928,1.887387,4.112613,
pairwise_molecule_overlap,3,,S3_vs_S1_1,S3 descriptors_conditions vs S1_1 tanimoto_masked,0.421622,1.563063,4.436937,
pairwise_molecule_overlap,3,,S3_vs_S2_1,S3 descriptors_conditions vs S2_1 tanimoto_conditions_masked,0.527928,1.887387,4.112613,
pairwise_molecule_overlap,3,,S3_vs_S3_1,S3 descriptors_conditions vs S3_1 tanimoto_conditions,0.527928,1.887387,4.112613,
pairwise_molecule_overlap,5,,S1_1_vs_S2_1,S1_1 tanimoto_masked vs S2_1 tanimoto_conditions_masked,0.669688,3.725225,6.274775,
pairwise_molecule_overlap,5,,S1_1_vs_S3_1,S1_1 tanimoto_masked vs S3_1 tanimoto_conditions,0.669688,3.725225,6.274775,
pairwise_molecule_overlap,5,,S1_vs_S1_1,S1 descriptors_masked vs S1_1 tanimoto_masked,0.458655,2.936937,7.063063,
pairwise_molecule_overlap,5,,S1_vs_S2,S1 descriptors_masked vs S2 descriptors_conditions_masked,0.610182,3.513514,6.486486,
pairwise_molecule_overlap,5,,S1_vs_S2_1,S1 descriptors_masked vs S2_1 tanimoto_conditions_masked,0.399042,2.585586,7.414414,
pairwise_molecule_overlap,5,,S1_vs_S3,S1 descriptors_masked vs S3 descriptors_conditions,0.610182,3.513514,6.486486,
pairwise_molecule_overlap,5,,S1_vs_S3_1,S1 descriptors_masked vs S3_1 tanimoto_conditions,0.399042,2.585586,7.414414,
pairwise_molecule_overlap,5,,S2_vs_S1_1,S2 descriptors_conditions_masked vs S1_1 tanimoto_masked,0.424693,2.689189,7.310811,
pairwise_molecule_overlap,5,,S2_vs_S2_1,S2 descriptors_conditions_masked vs S2_1 tanimoto_conditions_masked,0.536966,3.27027,6.72973,
pairwise_molecule_overlap,5,,S2_vs_S3_1,S2 descriptors_conditions_masked vs S3_1 tanimoto_conditions,0.536966,3.27027,6.72973,
pairwise_molecule_overlap,5,,S3_vs_S1_1,S3 descriptors_conditions vs S1_1 tanimoto_masked,0.424693,2.689189,7.310811,
pairwise_molecule_overlap,5,,S3_vs_S2_1,S3 descriptors_conditions vs S2_1 tanimoto_conditions_masked,0.536966,3.27027,6.72973,
pairwise_molecule_overlap,5,,S3_vs_S3_1,S3 descriptors_conditions vs S3_1 tanimoto_conditions,0.536966,3.27027,6.72973,
pairwise_molecule_overlap,6,,S1_1_vs_S2_1,S1_1 tanimoto_masked vs S2_1 tanimoto_conditions_masked,0.63727,4.355856,7.644144,
pairwise_molecule_overlap,6,,S1_1_vs_S3_1,S1_1 tanimoto_masked vs S3_1 tanimoto_conditions,0.63727,4.355856,7.644144,
pairwise_molecule_overlap,6,,S1_vs_S1_1,S1 descriptors_masked vs S1_1 tanimoto_masked,0.472996,3.585586,8.414414,
pairwise_molecule_overlap,6,,S1_vs_S2,S1 descriptors_masked vs S2 descriptors_conditions_masked,0.601736,4.198198,7.801802,
pairwise_molecule_overlap,6,,S1_vs_S2_1,S1 descriptors_masked vs S2_1 tanimoto_conditions_masked,0.399977,3.130631,8.869369,
pairwise_molecule_overlap,6,,S1_vs_S3,S1 descriptors_masked vs S3 descriptors_conditions,0.601736,4.198198,7.801802,
pairwise_molecule_overlap,6,,S1_vs_S3_1,S1 descriptors_masked vs S3_1 tanimoto_conditions,0.399977,3.130631,8.869369,
pairwise_molecule_overlap,6,,S2_vs_S1_1,S2 descriptors_conditions_masked vs S1_1 tanimoto_masked,0.408607,3.166667,8.833333,
pairwise_molecule_overlap,6,,S2_vs_S2_1,S2 descriptors_conditions_masked vs S2_1 tanimoto_conditions_masked,0.524147,3.882883,8.117117,
pairwise_molecule_overlap,6,,S2_vs_S3_1,S2 descriptors_conditions_masked vs S3_1 tanimoto_conditions,0.524147,3.882883,8.117117,
pairwise_molecule_overlap,6,,S3_vs_S1_1,S3 descriptors_conditions vs S1_1 tanimoto_masked,0.408607,3.166667,8.833333,
pairwise_molecule_overlap,6,,S3_vs_S2_1,S3 descriptors_conditions vs S2_1 tanimoto_conditions_masked,0.524147,3.882883,8.117117,
pairwise_molecule_overlap,6,,S3_vs_S3_1,S3 descriptors_conditions vs S3_1 tanimoto_conditions,0.524147,3.882883,8.117117,
strategy_same_literature_ratio,3,S1 descriptors_masked,,,,,,0.391892
strategy_same_literature_ratio,3,S1_1 tanimoto_masked,,,,,,0.411411
strategy_same_literature_ratio,3,S2 descriptors_conditions_masked,,,,,,0.402402
strategy_same_literature_ratio,3,S2_1 tanimoto_conditions_masked,,,,,,0.424925
strategy_same_literature_ratio,3,S3 descriptors_conditions,,,,,,0.402402
strategy_same_literature_ratio,3,S3_1 tanimoto_conditions,,,,,,0.424925
strategy_same_literature_ratio,5,S1 descriptors_masked,,,,,,0.325225
strategy_same_literature_ratio,5,S1_1 tanimoto_masked,,,,,,0.379279
strategy_same_literature_ratio,5,S2 descriptors_conditions_masked,,,,,,0.356757
strategy_same_literature_ratio,5,S2_1 tanimoto_conditions_masked,,,,,,0.394595
strategy_same_literature_ratio,5,S3 descriptors_conditions,,,,,,0.356757
strategy_same_literature_ratio,5,S3_1 tanimoto_conditions,,,,,,0.394595
strategy_same_literature_ratio,6,S1 descriptors_masked,,,,,,0.309309
strategy_same_literature_ratio,6,S1_1 tanimoto_masked,,,,,,0.358108
strategy_same_literature_ratio,6,S2 descriptors_conditions_masked,,,,,,0.322823
strategy_same_literature_ratio,6,S2_1 tanimoto_conditions_masked,,,,,,0.358859
strategy_same_literature_ratio,6,S3 descriptors_conditions,,,,,,0.322823
strategy_same_literature_ratio,6,S3_1 tanimoto_conditions,,,,,,0.358859
