molecule_index,chemical_description,canonical_smiles,doi
1,Deoxyguanosine (dG),Nc1nc2c(ncn2[C@H]2C[C@H](O)[C@@H](CO)O2)c(=O)[nH]1,https://doi.org/10.1021/acsami.9b17236; https://doi.org/10.1002/cplu.201600586; https://doi.org/10.1021/ja507506c
2,Thymidine (T),Cc1cn([C@H]2C[C@H](O)[C@@H](CO)O2)c(=O)[nH]c1=O,https://doi.org/10.1021/acsami.9b17236
3,Uridine (U),O=c1ccn([C@@H]2O[C@H](CO)[C@@H](O)[C@H]2O)c(=O)[nH]1,https://doi.org/10.1021/acsami.9b17236; https://doi.org/10.1021/acsami.9b02265
4,Isoguanosine (isoG),Nc1[nH]c(=O)nc2c1ncn2[C@@H]1O[C@H](CO)[C@@H](O)[C@H]1O,https://doi.org/10.1002/cplu.201600586
5,2′-deoxyisoguanosine (isoGd),Nc1[nH]c(=O)nc2c1ncn2[C@H]1C[C@H](O)[C@@H](CO)O1,https://doi.org/10.1002/cplu.201600586
6,2′-deoxy-2′-fluoroisoguanosine (FisoGd),Nc1[nH]c(=O)nc2c1ncn2[C@@H]1O[C@H](CO)[C@@H](O)[C@H]1F,https://doi.org/10.1002/cplu.201600586
7,Guanosine (G),Nc1nc2c(ncn2[C@@H]2O[C@H](CO)[C@@H](O)[C@H]2O)c(=O)[nH]1,https://doi.org/10.1002/cplu.201600586; https://doi.org/10.1039/c1sc00729g; https://doi.org/10.1002/adma.202108300; https://doi.org/10.1039/c8fd00038g; https://doi.org/10.1021/la900746w; https://doi.org/10.1021/ja507506c
8,8-Aza-2′-deoxyisoguanosine (z8isoGd),Nc1[nH]c(=O)nc2c1nnn2[C@H]1C[C@H](O)[C@@H](CO)O1,https://doi.org/10.1002/cplu.201700156
9,8-Aza-2′-deoxyguanosine (z8Gd),Nc1nc2c(nnn2[C@H]2C[C@H](O)[C@@H](CO)O2)c(=O)[nH]1,https://doi.org/10.1002/cplu.201700156
10,2-Amino-2′-fluoro-2′-deoxyadenosine (2-FA),Nc1nc(N)c2ncn([C@@H]3O[C@H](CO)[C@@H](O)[C@H]3F)c2n1,https://doi.org/10.1002/adma.202108300
11,2-aminoadenosine (2-RA),Nc1nc(N)c2ncn([C@@H]3O[C@H](CO)[C@@H](O)[C@H]3O)c2n1,https://doi.org/10.1002/adma.202108300
12,2′-deoxy-2-aminoadenosine (2-DA),Nc1nc(N)c2ncn([C@H]3C[C@H](O)[C@@H](CO)O3)c2n1,https://doi.org/10.1002/adma.202108300
13,"5-(1-Benzyl-1H-1,2,3-triazol-4-yl)-2′-deoxyuridine",O=c1[nH]c(=O)n([C@H]2C[C@H](O)[C@@H](CO)O2)cc1-c1cn(Cc2ccccc2)nn1,https://doi.org/10.1039/b311249g; https://doi.org/10.5012/bkcs.2005.26.1.034
14,"5-(1-o-Methylbenzyl-1H-1,2,3-triazol-4-yl)-2′-deoxyuridine",Cc1ccccc1Cn1cc(-c2cn([C@H]3C[C@H](O)[C@@H](CO)O3)c(=O)[nH]c2=O)nn1,https://doi.org/10.1039/b311249g
15,"5-(1-m-Methylbenzyl-1H-1,2,3-triazol-4-yl)-2′-deoxyuridine",Cc1cccc(Cn2cc(-c3cn([C@H]4C[C@H](O)[C@@H](CO)O4)c(=O)[nH]c3=O)nn2)c1,https://doi.org/10.1039/b311249g
16,"5-(1-p-Methylbenzyl-1H-1,2,3-triazol-4-yl)-2′-deoxyuridine",Cc1ccc(Cn2cc(-c3cn([C@H]4C[C@H](O)[C@@H](CO)O4)c(=O)[nH]c3=O)nn2)cc1,https://doi.org/10.1039/b311249g
17,"5-(1-o-Ethylbenzyl-1H-1,2,3-triazol-4-yl)-2′-deoxyuridine",CCc1ccccc1Cn1cc(-c2cn([C@H]3C[C@H](O)[C@@H](CO)O3)c(=O)[nH]c2=O)nn1,https://doi.org/10.1039/b311249g
18,"5-(1-p-Ethylbenzyl-1H-1,2,3-triazol-4-yl)-2′-deoxyuridine",CCc1ccc(Cn2cc(-c3cn([C@H]4C[C@H](O)[C@@H](CO)O4)c(=O)[nH]c3=O)nn2)cc1,https://doi.org/10.1039/b311249g
19,"5-(1-p-Butylbenzyl-1H-1,2,3-triazol-4-yl)-2′-deoxyuridine",CCCCc1ccc(Cn2cc(-c3cn([C@H]4C[C@H](O)[C@@H](CO)O4)c(=O)[nH]c3=O)nn2)cc1,https://doi.org/10.1039/b311249g
20,4-N-Octanoylgemcitabine,CCCCCCCC(=O)Nc1ccn([C@@H]2O[C@H](CO)[C@@H](O)C2(F)F)c(=O)n1,https://doi.org/10.1002/cmdc.201800063
21,4-N-Decanoyllamivudine,CCCCCCCCCC(=O)Nc1ccn([C@@H]2CS[C@H](O)O2)c(=O)n1,https://doi.org/10.1002/cmdc.201800063
22,5'-O-Myristoylgemcitabine,CCCCCCCCCCCCCC(=O)OC[C@H]1O[C@@H](n2ccc(N)nc2=O)C(F)(F)[C@@H]1O,https://doi.org/10.1002/cmdc.201800063
23,5'-O-Lauroylgemcitabine,CCCCCCCCCCCC(=O)OC[C@H]1O[C@@H](n2ccc(N)nc2=O)C(F)(F)[C@@H]1O,https://doi.org/10.1002/cmdc.201800063
24,5'-O-Hexanoylgemcitabine,CCCCCC(=O)OC[C@H]1O[C@@H](n2ccc(N)nc2=O)C(F)(F)[C@@H]1O,https://doi.org/10.1002/cmdc.201800063
25,5'-O-Lauroylribothymidine,CCCCCCCCCCCC(=O)OC[C@H]1O[C@@H](n2cc(C)c(=O)[nH]c2=O)[C@H](O)[C@@H]1O,https://doi.org/10.1039/D0NA00509F
26,5'-O-Myristoylribothymidine,CCCCCCCCCCCCCC(=O)OC[C@H]1O[C@@H](n2cc(C)c(=O)[nH]c2=O)[C@H](O)[C@@H]1O,https://doi.org/10.1039/D0NA00509F
27,5'-O-Palmitoylribothymidine,CCCCCCCCCCCCCCCC(=O)OC[C@H]1O[C@@H](n2cc(C)c(=O)[nH]c2=O)[C@H](O)[C@@H]1O,https://doi.org/10.1039/D0NA00509F
28,5'-O-Lauroyluridine,CCCCCCCCCCCC(=O)OC[C@H]1O[C@@H](n2ccc(=O)[nH]c2=O)[C@H](O)[C@@H]1O,https://doi.org/10.1039/D0NA00509F
29,5'-O-Myristoyluridine,CCCCCCCCCCCCCC(=O)OC[C@H]1O[C@@H](n2ccc(=O)[nH]c2=O)[C@H](O)[C@@H]1O,https://doi.org/10.1039/D0NA00509F
30,5'-O-Palmitoyluridine,CCCCCCCCCCCCCCCC(=O)OC[C@H]1O[C@@H](n2ccc(=O)[nH]c2=O)[C@H](O)[C@@H]1O,https://doi.org/10.1039/D0NA00509F
31,A C–C linked benzyl azide ‘click’ conjugate of 8-aza-7-deaza-2′-deoxyadenosine,Nc1ncnc2c1c(-c1cn(Cc3ccccc3)nn1)nn2[C@H]1C[C@H](O)[C@@H](CO)O1,https://doi.org/10.1016/j.tet.2011.07.015
32,"The isomeric regio-conjugate of 8-aza-7-deaza-2′-deoxyadenosine, a C–N connectivity between the nucleobase and the triazole moiety",Nc1ncnc2c1c(-n1cc(Cc3ccccc3)nn1)nn2[C@H]1C[C@H](O)[C@@H](CO)O1,https://doi.org/10.1016/j.tet.2011.07.015
33,A benzyl azide conjugate with a long linker arm attached to 8-aza-7-deaza-2′-deoxyadenosine,Nc1ncnc2c1c(C#CCCCCc1cn(Cc3ccccc3)nn1)nn2[C@H]1C[C@H](O)[C@@H](CO)O1,https://doi.org/10.1016/j.tet.2011.07.015
34,A benzyl azide conjugate with a branched side chain attached to 8-aza-7-deaza-2′-deoxyadenosine,Nc1ncnc2c1c(C#CCN(Cc1cn(Cc3ccccc3)nn1)Cc1cn(Cc3ccccc3)nn1)nn2[C@H]1C[C@H](O)[C@@H](CO)O1,https://doi.org/10.1016/j.tet.2011.07.015
35,"A 7-deazaadenine click conjugate with a pyrrolo[2,3-d]pyrimidine moiety, having one less nitrogen atom in the nucleobase structure",Nc1ncnc2c1c(-c1cn(Cc3ccccc3)nn1)cn2[C@H]1C[C@H](O)[C@@H](CO)O1,https://doi.org/10.1016/j.tet.2011.07.015
36,"8-Methoxy-2′,3′,5′-tri-O-acetylguanosine (8OMeTAcG)",COc1nc2c(=O)[nH]c(N)nc2n1[C@@H]1O[C@H](COC(C)=O)[C@@H](OC(C)=O)[C@H]1OC(C)=O,https://doi.org/10.1039/c1sc00729g
37,8-Methoxyguanosine (8OMeG),COc1nc2c(=O)[nH]c(N)nc2n1[C@@H]1O[C@H](CO)[C@@H](O)[C@H]1O,https://doi.org/10.1039/c1sc00729g
38,8-Bromoguanosine (8BrG),Nc1nc2c(nc(Br)n2[C@@H]2O[C@H](CO)[C@@H](O)[C@H]2O)c(=O)[nH]1,https://doi.org/10.1039/c1sc00729g
39,"2′,3′,5′-tri-O-acetylguanosine (TAcG)",CC(=O)OC[C@H]1O[C@@H](n2cnc3c(=O)[nH]c(N)nc32)[C@H](OC(C)=O)[C@@H]1OC(C)=O,https://doi.org/10.1039/c1sc00729g; https://doi.org/10.1021/la900746w
40,Guanosine-5′-Hydrazide,NNC(=O)[C@H]1O[C@@H](n2cnc3c(=O)[nH]c(N)nc32)[C@H](O)[C@@H]1O,https://doi.org/10.1073/pnas.0501663102; https://doi.org/10.1039/c8fd00038g
41,5′-Hydrazino-guanosine,NNC[C@H]1O[C@@H](n2cnc3c(=O)[nH]c(N)nc32)[C@H](O)[C@@H]1O,https://doi.org/10.1039/c8fd00038g
42,5′-Amino-guanosine (NH₂G),NC[C@H]1O[C@@H](n2cnc3c(=O)[nH]c(N)nc32)[C@H](O)[C@@H]1O,https://doi.org/10.1039/c8fd00038g
43,5′-Hydroxylamino-guanosine (NHOH-G),Nc1nc2c(ncn2[C@@H]2O[C@H](CNO)[C@@H](O)[C@H]2O)c(=O)[nH]1,https://doi.org/10.1039/c8fd00038g
44,Guanosine-5′-monophosphate (GMP),Nc1nc2c(ncn2[C@@H]2O[C@H](COP(=O)(O)O)[C@@H](O)[C@H]2O)c(=O)[nH]1,https://doi.org/10.1039/c8fd00038g
45,A 9-octyl-9H-carbazole group attached to the 5-position of uridine,CCCCCCCCn1c2ccccc2c2cc(-c3cn([C@@H]4O[C@H](CO)[C@@H](O)[C@H]4O)c(=O)[nH]c3=O)ccc21,https://doi.org/10.1002/ejoc.201701728
46,A 9-dodecyl-9H-carbazole group attached to the 5-position of uridine,CCCCCCCCCCCCn1c2ccccc2c2cc(-c3cn([C@@H]4O[C@H](CO)[C@@H](O)[C@H]4O)c(=O)[nH]c3=O)ccc21,https://doi.org/10.1002/ejoc.201701728
47,A 9-hexadecyl-9H-carbazole group attached to the 5-position of uridine,CCCCCCCCCCCCCCCCn1c2ccccc2c2cc(-c3cn([C@@H]4O[C@H](CO)[C@@H](O)[C@H]4O)c(=O)[nH]c3=O)ccc21,https://doi.org/10.1002/ejoc.201701728
48,Cytidine (C),Nc1ccn([C@@H]2O[C@H](CO)[C@@H](O)[C@H]2O)c(=O)n1,https://doi.org/10.1021/acsami.9b02265
49,Arabino-cytidine (arabinoC),Nc1ccn([C@@H]2O[C@H](CO)[C@@H](O)[C@@H]2O)c(=O)n1,https://doi.org/10.1021/acsami.9b02265
50,"2′,3′-Dideoxy-cytidine (ddC)",Nc1ccn([C@H]2CC[C@@H](CO)O2)c(=O)n1,https://doi.org/10.1021/acsami.9b02265
51,Inosine,O=c1[nH]cnc2c1ncn2[C@@H]1O[C@H](CO)[C@@H](O)[C@H]1O,https://doi.org/10.1021/ja507506c
52,5′-Deoxy-5′-Iodoguanosine,Nc1nc2c(ncn2[C@@H]2O[C@H](CI)[C@@H](O)[C@H]2O)c(=O)[nH]1,https://doi.org/10.1039/C6CC01494A
53,N₄-tetradecanoyl-2'-deoxycytidine,CCCCCCCCCCCCCC(=O)Nc1ccn([C@H]2C[C@H](O)[C@@H](CO)O2)c(=O)n1,https://doi.org/10.1039/C6SM01779G
54,N₄-dodecanoyl-2'-deoxycytidine,CCCCCCCCCCCC(=O)Nc1ccn([C@H]2C[C@H](O)[C@@H](CO)O2)c(=O)n1,https://doi.org/10.1039/C6SM01779G
55,N₄-decanoyl-2'-deoxycytidine,CCCCCCCCCC(=O)Nc1ccn([C@H]2C[C@H](O)[C@@H](CO)O2)c(=O)n1,https://doi.org/10.1039/C6SM01779G
56,N₄-octanoyl-2'-deoxycytidine,CCCCCCCC(=O)Nc1ccn([C@H]2C[C@H](O)[C@@H](CO)O2)c(=O)n1,https://doi.org/10.1039/C6SM01779G
57,N₄-hexanoyl-2'-deoxycytidine,CCCCCC(=O)Nc1ccn([C@H]2C[C@H](O)[C@@H](CO)O2)c(=O)n1,https://doi.org/10.1039/C6SM01779G
58,"N₄-tetradecanoyl-2′,3′-dideoxycytidine",CCCCCCCCCCCCCC(=O)Nc1ccn([C@H]2CC[C@@H](CO)O2)c(=O)n1,https://doi.org/10.1039/C6SM01779G
59,"N₄-dodecanoyl-2′,3′-dideoxycytidine",CCCCCCCCCCCC(=O)Nc1ccn([C@H]2CC[C@@H](CO)O2)c(=O)n1,https://doi.org/10.1039/C6SM01779G
60,"N₄-decanoyl-2′,3′-dideoxycytidine",CCCCCCCCCC(=O)Nc1ccn([C@H]2CC[C@@H](CO)O2)c(=O)n1,https://doi.org/10.1039/C6SM01779G
61,"N₄-octanoyl-2′,3′-dideoxycytidine",CCCCCCCC(=O)Nc1ccn([C@H]2CC[C@@H](CO)O2)c(=O)n1,https://doi.org/10.1039/C6SM01779G
62,5'-O-Decanoylgemcitabine,CCCCCCCCCC(=O)OC[C@H]1O[C@@H](n2ccc(N)nc2=O)C(F)(F)[C@@H]1O,https://doi.org/10.1002/cmdc.201800063
63,5′-O-Octanoylgemcitabine,CCCCCCCC(=O)OC[C@H]1O[C@@H](n2ccc(N)nc2=O)C(F)(F)[C@@H]1O,https://doi.org/10.1002/cmdc.201800063
64,L-Guanosine,Nc1nc2c(ncn2[C@H]2O[C@@H](CO)[C@H](O)[C@@H]2O)c(=O)[nH]1,https://doi.org/10.1039/c9cc09911e
65,"1-[3,4-Dihydroxy-5-(hydroxymethyl)oxolan-2-yl]-1,3,5-triazinane-2,4,6-trione (DTT)",O=c1[nH]c(=O)n([C@@H]2O[C@H](CO)[C@@H](O)[C@H]2O)c(=O)[nH]1,https://doi.org/10.1038/s41467-024-46866-9
66,xanthosine,OC[C@H]1O[C@@H](n2cnc3c(O)nc(O)nc32)[C@H](O)[C@@H]1O,https://doi.org/10.1038/s41467-024-46866-9
67,inosine 5’-monophosphate,O=P(O)(O)OC[C@H]1O[C@@H](n2cnc3c(O)ncnc32)[C@H](O)[C@@H]1O,https://doi.org/10.1038/s41467-024-46866-9
68,5-fluorouridine,O=c1[nH]c(=O)n([C@@H]2O[C@H](CO)[C@@H](O)[C@H]2O)cc1F,https://doi.org/10.1038/s41467-024-46866-9
69,8-aminoguanosine,Nc1nc2c(nc(N)n2[C@@H]2O[C@H](CO)[C@@H](O)[C@H]2O)c(=O)[nH]1,https://doi.org/10.1038/s41467-024-46866-9
70,2’-deoxyguanosine 5’-monophosphate,Nc1nc2c(ncn2C2C[C@H](O)[C@@H](COP(=O)(O)O)O2)c(=O)[nH]1,https://doi.org/10.1038/s41467-024-46866-9
71,8-hydroxyguanosine,Nc1nc2c([nH]c(=O)n2[C@@H]2O[C@H](CO)[C@@H](O)[C@H]2O)c(=O)[nH]1,https://doi.org/10.1038/s41467-024-46866-9
72,inosine-5’-carboxylic acid,O=C(O)[C@H]1OC(n2cnc3c(O)ncnc32)[C@H](O)[C@@H]1O,https://doi.org/10.1038/s41467-024-46866-9
73,2’-amino-2’-deoxyguanosine,Nc1nc2c(ncn2[C@@H]2O[C@H](CO)[C@@H](O)[C@H]2N)c(=O)[nH]1,https://doi.org/10.1038/s41467-024-46866-9
74,2’-O-Methylguanosine,CO[C@@H]1C(O)[C@@H](CO)O[C@H]1n1cnc2c(=O)[nH]c(N)nc21,https://doi.org/10.1038/s41467-024-46866-9
75,"5,6-Dichlorobenzimidazole riboside",OC[C@H]1O[C@@H](n2cnc3cc(Cl)c(Cl)cc32)[C@H](O)[C@@H]1O,https://doi.org/10.1038/s41467-024-46866-9
76,9-(2-tetrahydropyranyl)adenine,Nc1ncnc2c1ncn2C1CCCCO1,https://doi.org/10.1038/s41467-024-46866-9
77,9-(2-tetrahydrofuryl)adenine,Nc1ncnc2c1ncn2C1CCCO1,https://doi.org/10.1038/s41467-024-46866-9
78,2-thiocytidine,Nc1ccn([C@@H]2O[C@H](CO)[C@@H](O)[C@H]2O)c(=S)n1,https://doi.org/10.1038/s41467-024-46866-9
79,"2’,3’-dideoxy-2’,3’-didehydroadenosine",Nc1ncnc2c1ncn2[C@H]1C=C[C@@H](CO)O1,https://doi.org/10.1038/s41467-024-46866-9
80,"2',5'-dideoxyadenosine",C[C@H]1O[C@@H](n2cnc3c(N)ncnc32)C[C@@H]1O,https://doi.org/10.1038/s41467-024-46866-9
81,2'-C-methyladenosine,C[C@@]1(O)[C@H](O)[C@@H](CO)O[C@H]1n1cnc2c(N)ncnc21,https://doi.org/10.1038/s41467-024-46866-9
82,gemcitabine,Nc1ccn([C@@H]2O[C@H](CO)[C@@H](O)C2(F)F)c(=O)n1,https://doi.org/10.1038/s41467-024-46866-9
83,"2-chloro-2',3'-O-isopropylideneadenosine-5'-N-ethylcarboxamide",CCNC(=O)[C@H]1O[C@@H](n2cnc3c(N)nc(Cl)nc32)[C@@H]2OC(C)(C)O[C@@H]21,https://doi.org/10.1038/s41467-024-46866-9
84,2-chloro-9-(2-tetrahydropyranyl)adenine,Nc1nc(Cl)nc2c1ncn2C1CCCCO1,https://doi.org/10.1038/s41467-024-46866-9
85,7-deaza-2′-C-methyladenosine,C[C@@]1(O)[C@H](O)[C@@H](CO)O[C@H]1n1ccc2c(N)ncnc21,https://doi.org/10.1038/s41467-024-46866-9
86,2'-C-methylcytidine,C[C@@]1(O)[C@H](O)[C@@H](CO)O[C@H]1n1ccc(N)nc1=O,https://doi.org/10.1038/s41467-024-46866-9
