comparison_type,comparison_columns,max_k,mean_jaccard
S1_1_vs_S2_1,S1_1 tanimoto_masked vs S2_1 tanimoto_conditions_masked,3,0.325000
S1_1_vs_S3_1,S1_1 tanimoto_masked vs S3_1 tanimoto_conditions,3,0.325000
S1_vs_S1_1,S1 descriptors_masked vs S1_1 tanimoto_masked,3,0.315169
S1_vs_S2,S1 descriptors_masked vs S2 descriptors_conditions_masked,3,0.294949
S1_vs_S2_1,S1 descriptors_masked vs S2_1 tanimoto_conditions_masked,3,0.271023
S1_vs_S3,S1 descriptors_masked vs S3 descriptors_conditions,3,0.294949
S1_vs_S3_1,S1 descriptors_masked vs S3_1 tanimoto_conditions,3,0.271023
S2_vs_S1_1,S2 descriptors_conditions_masked vs S1_1 tanimoto_masked,3,0.274576
S2_vs_S2_1,S2 descriptors_conditions_masked vs S2_1 tanimoto_conditions_masked,3,0.345000
S2_vs_S3_1,S2 descriptors_conditions_masked vs S3_1 tanimoto_conditions,3,0.345000
S3_vs_S1_1,S3 descriptors_conditions vs S1_1 tanimoto_masked,3,0.274576
S3_vs_S2_1,S3 descriptors_conditions vs S2_1 tanimoto_conditions_masked,3,0.345000
S3_vs_S3_1,S3 descriptors_conditions vs S3_1 tanimoto_conditions,3,0.345000
S1_1_vs_S2_1,S1_1 tanimoto_masked vs S2_1 tanimoto_conditions_masked,5,0.427114
S1_1_vs_S3_1,S1_1 tanimoto_masked vs S3_1 tanimoto_conditions,5,0.427114
S1_vs_S1_1,S1 descriptors_masked vs S1_1 tanimoto_masked,5,0.393038
S1_vs_S2,S1 descriptors_masked vs S2 descriptors_conditions_masked,5,0.430660
S1_vs_S2_1,S1 descriptors_masked vs S2_1 tanimoto_conditions_masked,5,0.339541
S1_vs_S3,S1 descriptors_masked vs S3 descriptors_conditions,5,0.430660
S1_vs_S3_1,S1 descriptors_masked vs S3_1 tanimoto_conditions,5,0.339541
S2_vs_S1_1,S2 descriptors_conditions_masked vs S1_1 tanimoto_masked,5,0.345035
S2_vs_S2_1,S2 descriptors_conditions_masked vs S2_1 tanimoto_conditions_masked,5,0.412608
S2_vs_S3_1,S2 descriptors_conditions_masked vs S3_1 tanimoto_conditions,5,0.412608
S3_vs_S1_1,S3 descriptors_conditions vs S1_1 tanimoto_masked,5,0.345035
S3_vs_S2_1,S3 descriptors_conditions vs S2_1 tanimoto_conditions_masked,5,0.412608
S3_vs_S3_1,S3 descriptors_conditions vs S3_1 tanimoto_conditions,5,0.412608
S1_1_vs_S2_1,S1_1 tanimoto_masked vs S2_1 tanimoto_conditions_masked,6,0.466715
S1_1_vs_S3_1,S1_1 tanimoto_masked vs S3_1 tanimoto_conditions,6,0.466715
S1_vs_S1_1,S1 descriptors_masked vs S1_1 tanimoto_masked,6,0.393809
S1_vs_S2,S1 descriptors_masked vs S2 descriptors_conditions_masked,6,0.457578
S1_vs_S2_1,S1 descriptors_masked vs S2_1 tanimoto_conditions_masked,6,0.359590
S1_vs_S3,S1 descriptors_masked vs S3 descriptors_conditions,6,0.457578
S1_vs_S3_1,S1 descriptors_masked vs S3_1 tanimoto_conditions,6,0.359590
S2_vs_S1_1,S2 descriptors_conditions_masked vs S1_1 tanimoto_masked,6,0.359565
S2_vs_S2_1,S2 descriptors_conditions_masked vs S2_1 tanimoto_conditions_masked,6,0.435083
S2_vs_S3_1,S2 descriptors_conditions_masked vs S3_1 tanimoto_conditions,6,0.435083
S3_vs_S1_1,S3 descriptors_conditions vs S1_1 tanimoto_masked,6,0.359565
S3_vs_S2_1,S3 descriptors_conditions vs S2_1 tanimoto_conditions_masked,6,0.435083
S3_vs_S3_1,S3 descriptors_conditions vs S3_1 tanimoto_conditions,6,0.435083
