molecule_index,chemical_description,canonical_smiles,VE3sign_D/Dt,VE1sign_Dz(v),VE1sign_B(p),MATS3p,GATS6i,GATS7s,P_VSA_charge_4,P_VSA_charge_7,SpMAD_EA(ri),SpDiam_AEA(ed),SM10_AEA(dm),nN(CO)2,C-016,H-052,CATS2D_05_DA,CATS2D_09_DA,CATS2D_03_DL,CATS2D_05_DL,CATS2D_06_DL,CATS2D_04_AA,B09[O-O],F05[N-N],F07[N-O],F10[O-O]
1,Deoxyguanosine (dG),Nc1nc2c(ncn2[C@H]2C[C@H](O)[C@@H](CO)O2)c(=O)[nH]1,-2.61996081,0.24748693,0.32988099,-0.02288878,1.02664638,1.26666972,16.78552955,0.00000000,1.41839549,6.34516562,11.29273518,0.00000000,0.00000000,0.00000000,2.00000000,3.00000000,0.00000000,0.00000000,2.00000000,6.00000000,1.00000000,1.00000000,2.00000000,0.00000000
2,Thymidine (T),Cc1cn([C@H]2C[C@H](O)[C@@H](CO)O2)c(=O)[nH]c1=O,-1.43638037,0.17496930,0.29271574,-0.18428804,0.90320608,1.21511591,0.00000000,8.82520426,1.43114871,6.07165671,10.33658598,1.00000000,0.00000000,0.00000000,1.00000000,1.00000000,1.00000000,0.00000000,1.00000000,5.00000000,1.00000000,0.00000000,1.00000000,0.00000000
3,Uridine (U),O=c1ccn([C@@H]2O[C@H](CO)[C@@H](O)[C@H]2O)c(=O)[nH]1,-1.44198541,0.07799882,0.37914183,-0.08750949,0.93144635,1.13132652,0.00000000,0.00000000,1.40677345,6.33791879,11.15272269,1.00000000,1.00000000,0.00000000,4.00000000,1.00000000,0.00000000,1.00000000,1.00000000,5.00000000,1.00000000,0.00000000,1.00000000,0.00000000
4,Isoguanosine (isoG),Nc1[nH]c(=O)nc2c1ncn2[C@@H]1O[C@H](CO)[C@@H](O)[C@H]1O,-2.78145601,0.17323231,0.34627211,-0.07897280,0.93064260,0.97804687,16.78552955,0.00000000,1.41794534,6.45167258,11.63970504,0.00000000,0.00000000,0.00000000,4.00000000,3.00000000,0.00000000,0.00000000,0.00000000,5.00000000,1.00000000,0.00000000,4.00000000,0.00000000
5,2′-deoxyisoguanosine (isoGd),Nc1[nH]c(=O)nc2c1ncn2[C@H]1C[C@H](O)[C@@H](CO)O1,-2.61996081,0.22707204,0.36464673,-0.05546244,0.98313076,1.32057056,16.78552955,0.00000000,1.41831131,6.34516562,11.29273518,0.00000000,0.00000000,0.00000000,1.00000000,3.00000000,0.00000000,0.00000000,2.00000000,5.00000000,1.00000000,0.00000000,2.00000000,0.00000000
6,2′-deoxy-2′-fluoroisoguanosine (FisoGd),Nc1[nH]c(=O)nc2c1ncn2[C@@H]1O[C@H](CO)[C@@H](O)[C@H]1F,-2.78145601,0.17675084,0.34455068,-0.04889071,1.05775666,0.93585905,16.78552955,0.00000000,1.41198544,6.45167258,11.63970504,0.00000000,0.00000000,0.00000000,1.00000000,3.00000000,0.00000000,0.00000000,0.00000000,5.00000000,1.00000000,0.00000000,2.00000000,0.00000000
7,Guanosine (G),Nc1nc2c(ncn2[C@@H]2O[C@H](CO)[C@@H](O)[C@H]2O)c(=O)[nH]1,-2.78145601,0.19620462,0.30155214,-0.04784459,0.97268111,0.94042969,16.78552955,0.00000000,1.41801978,6.45167258,11.63970504,0.00000000,0.00000000,0.00000000,5.00000000,3.00000000,0.00000000,0.00000000,0.00000000,6.00000000,1.00000000,1.00000000,4.00000000,0.00000000
8,8-Aza-2′-deoxyisoguanosine (z8isoGd),Nc1[nH]c(=O)nc2c1nnn2[C@H]1C[C@H](O)[C@@H](CO)O1,-2.61996081,0.22497374,0.36491908,-0.03222328,0.98245166,1.30736422,19.78732133,0.00000000,1.43168487,6.34516562,11.29273518,0.00000000,0.00000000,0.00000000,2.00000000,3.00000000,0.00000000,0.00000000,2.00000000,5.00000000,1.00000000,0.00000000,2.00000000,0.00000000
9,8-Aza-2′-deoxyguanosine (z8Gd),Nc1nc2c(nnn2[C@H]2C[C@H](O)[C@@H](CO)O2)c(=O)[nH]1,-2.61996081,0.24402966,0.32218624,0.00297677,0.92514021,1.30736422,18.56210019,0.00000000,1.43177275,6.34516562,11.29273518,0.00000000,0.00000000,0.00000000,4.00000000,3.00000000,0.00000000,0.00000000,2.00000000,7.00000000,1.00000000,2.00000000,2.00000000,0.00000000
10,2-Amino-2′-fluoro-2′-deoxyadenosine (2-FA),Nc1nc(N)c2ncn([C@@H]3O[C@H](CO)[C@@H](O)[C@H]3F)c2n1,-2.78145601,0.26048966,0.26073366,-0.01620918,1.02159699,0.85412544,33.57105910,0.00000000,1.39629072,6.45167258,11.63970504,0.00000000,0.00000000,0.00000000,2.00000000,3.00000000,0.00000000,0.00000000,0.00000000,5.00000000,0.00000000,1.00000000,2.00000000,0.00000000
11,2-aminoadenosine (2-RA),Nc1nc(N)c2ncn([C@@H]3O[C@H](CO)[C@@H](O)[C@H]3O)c2n1,-2.78145601,0.25700917,0.26238149,-0.04657791,0.93462596,0.87860011,33.57105910,0.00000000,1.40225114,6.45167258,11.63970504,0.00000000,0.00000000,0.00000000,5.00000000,3.00000000,0.00000000,0.00000000,0.00000000,5.00000000,0.00000000,1.00000000,5.00000000,0.00000000
12,2′-deoxy-2-aminoadenosine (2-DA),Nc1nc(N)c2ncn([C@H]3C[C@H](O)[C@@H](CO)O3)c2n1,-2.61996081,0.30706009,0.28257761,-0.02238327,0.97779111,1.16184821,33.57105910,0.00000000,1.40184879,6.34516562,11.29273518,0.00000000,0.00000000,0.00000000,2.00000000,3.00000000,0.00000000,0.00000000,2.00000000,5.00000000,0.00000000,1.00000000,2.00000000,0.00000000
13,"5-(1-Benzyl-1H-1,2,3-triazol-4-yl)-2′-deoxyuridine",O=c1[nH]c(=O)n([C@H]2C[C@H](O)[C@@H](CO)O2)cc1-c1cn(Cc2ccccc2)nn1,-4.31315453,0.08386989,0.36129408,-0.11973393,1.11382060,1.47857739,0.00000000,3.18557495,1.43855697,6.43291016,10.62943494,1.00000000,0.00000000,0.00000000,3.00000000,4.00000000,0.00000000,0.00000000,1.00000000,7.00000000,1.00000000,4.00000000,5.00000000,0.00000000
14,"5-(1-o-Methylbenzyl-1H-1,2,3-triazol-4-yl)-2′-deoxyuridine",Cc1ccccc1Cn1cc(-c2cn([C@H]3C[C@H](O)[C@@H](CO)O3)c(=O)[nH]c2=O)nn1,-4.15002305,0.10537626,0.35670762,-0.11885881,1.12080934,1.43527171,0.00000000,15.19635416,1.44664738,6.31860616,10.62970979,1.00000000,0.00000000,0.00000000,3.00000000,4.00000000,0.00000000,0.00000000,1.00000000,7.00000000,1.00000000,4.00000000,5.00000000,0.00000000
15,"5-(1-m-Methylbenzyl-1H-1,2,3-triazol-4-yl)-2′-deoxyuridine",Cc1cccc(Cn2cc(-c3cn([C@H]4C[C@H](O)[C@@H](CO)O4)c(=O)[nH]c3=O)nn2)c1,-5.14023288,0.08602096,0.36599243,-0.15804433,1.02329475,1.48002342,0.00000000,12.01077921,1.44537950,6.18737896,10.62945073,1.00000000,0.00000000,0.00000000,3.00000000,4.00000000,0.00000000,0.00000000,1.00000000,7.00000000,1.00000000,4.00000000,5.00000000,0.00000000
16,"5-(1-p-Methylbenzyl-1H-1,2,3-triazol-4-yl)-2′-deoxyuridine",Cc1ccc(Cn2cc(-c3cn([C@H]4C[C@H](O)[C@@H](CO)O4)c(=O)[nH]c3=O)nn2)cc1,-5.38132377,0.06514742,0.35831157,-0.15804433,1.21744657,1.40333543,0.00000000,12.01077921,1.44643521,6.15501295,10.62943672,1.00000000,0.00000000,0.00000000,3.00000000,4.00000000,0.00000000,0.00000000,1.00000000,7.00000000,1.00000000,4.00000000,5.00000000,0.00000000
17,"5-(1-o-Ethylbenzyl-1H-1,2,3-triazol-4-yl)-2′-deoxyuridine",CCc1ccccc1Cn1cc(-c2cn([C@H]3C[C@H](O)[C@@H](CO)O3)c(=O)[nH]c2=O)nn1,-4.25114640,0.10803796,0.35933602,-0.05268594,1.04372464,1.39986695,0.00000000,8.90568164,1.43854363,6.32561953,10.62981863,1.00000000,0.00000000,0.00000000,3.00000000,4.00000000,0.00000000,0.00000000,1.00000000,7.00000000,1.00000000,4.00000000,5.00000000,0.00000000
18,"5-(1-p-Ethylbenzyl-1H-1,2,3-triazol-4-yl)-2′-deoxyuridine",CCc1ccc(Cn2cc(-c3cn([C@H]4C[C@H](O)[C@@H](CO)O4)c(=O)[nH]c3=O)nn2)cc1,-3.67329228,0.03494545,0.35975220,-0.08896018,1.16205889,1.42974500,0.00000000,8.90568164,1.43845198,6.18363175,10.62943712,1.00000000,0.00000000,0.00000000,3.00000000,4.00000000,0.00000000,0.00000000,1.00000000,7.00000000,1.00000000,4.00000000,5.00000000,0.00000000
19,"5-(1-p-Butylbenzyl-1H-1,2,3-triazol-4-yl)-2′-deoxyuridine",CCCCc1ccc(Cn2cc(-c3cn([C@H]4C[C@H](O)[C@@H](CO)O4)c(=O)[nH]c3=O)nn2)cc1,-2.49865325,0.05184104,0.35924518,-0.06960485,1.20535155,1.29930980,0.00000000,11.44021338,1.42947196,6.49453424,10.62943716,1.00000000,0.00000000,0.00000000,3.00000000,4.00000000,0.00000000,0.00000000,1.00000000,7.00000000,1.00000000,4.00000000,5.00000000,0.00000000
20,4-N-Octanoylgemcitabine,CCCCCCCC(=O)Nc1ccn([C@@H]2O[C@H](CO)[C@@H](O)C2(F)F)c(=O)n1,-0.88497017,0.26913319,0.26730931,0.00123974,0.96098286,0.83147769,46.70575609,12.01077921,1.36867480,7.72922576,14.11999790,0.00000000,1.00000000,0.00000000,1.00000000,1.00000000,1.00000000,1.00000000,2.00000000,5.00000000,0.00000000,0.00000000,1.00000000,1.00000000
21,4-N-Decanoyllamivudine,CCCCCCCCCC(=O)Nc1ccn([C@@H]2CS[C@H](O)O2)c(=O)n1,-0.77914935,0.21085214,0.41804816,-0.05249690,0.94392681,1.08442779,16.78552955,12.01077921,1.33958383,6.44527468,10.05032225,0.00000000,1.00000000,0.00000000,0.00000000,0.00000000,1.00000000,1.00000000,2.00000000,4.00000000,0.00000000,0.00000000,0.00000000,1.00000000
22,5'-O-Myristoylgemcitabine,CCCCCCCCCCCCCC(=O)OC[C@H]1O[C@@H](n2ccc(N)nc2=O)C(F)(F)[C@@H]1O,-0.62983277,0.36606396,0.22891534,-0.01316598,1.00264393,0.76523259,46.70575609,12.01077921,1.35032254,7.76232311,14.12164731,0.00000000,1.00000000,0.00000000,0.00000000,1.00000000,0.00000000,0.00000000,2.00000000,4.00000000,1.00000000,0.00000000,2.00000000,0.00000000
23,5'-O-Lauroylgemcitabine,CCCCCCCCCCCC(=O)OC[C@H]1O[C@@H](n2ccc(N)nc2=O)C(F)(F)[C@@H]1O,-0.60992683,0.36139672,0.22900992,-0.01486100,1.01589988,0.79880559,46.70575609,12.01077921,1.35527821,7.75687802,14.12164731,0.00000000,1.00000000,0.00000000,0.00000000,1.00000000,0.00000000,0.00000000,2.00000000,4.00000000,1.00000000,0.00000000,2.00000000,0.00000000
24,5'-O-Hexanoylgemcitabine,CCCCCC(=O)OC[C@H]1O[C@@H](n2ccc(N)nc2=O)C(F)(F)[C@@H]1O,-1.00136522,0.29560760,0.22928306,-0.02393750,1.10625093,1.00076246,46.70575609,12.01077921,1.37537268,7.68738026,14.12164731,0.00000000,1.00000000,0.00000000,0.00000000,1.00000000,0.00000000,0.00000000,2.00000000,4.00000000,1.00000000,0.00000000,2.00000000,0.00000000
25,5'-O-Lauroylribothymidine,CCCCCCCCCCCC(=O)OC[C@H]1O[C@@H](n2cc(C)c(=O)[nH]c2=O)[C@H](O)[C@@H]1O,-0.64609375,0.35668060,0.25267799,-0.07367765,0.99266560,1.10115685,0.00000000,11.35973600,1.37961477,6.80590189,11.19991845,1.00000000,0.00000000,0.00000000,3.00000000,1.00000000,1.00000000,1.00000000,3.00000000,5.00000000,1.00000000,0.00000000,2.00000000,0.00000000
26,5'-O-Myristoylribothymidine,CCCCCCCCCCCCCC(=O)OC[C@H]1O[C@@H](n2cc(C)c(=O)[nH]c2=O)[C@H](O)[C@@H]1O,-0.66272691,0.35870152,0.25257335,-0.06614654,0.99217637,1.06325493,0.00000000,11.35973600,1.37324019,6.81134697,11.19991845,1.00000000,0.00000000,0.00000000,3.00000000,1.00000000,1.00000000,1.00000000,3.00000000,5.00000000,1.00000000,0.00000000,2.00000000,0.00000000
27,5'-O-Palmitoylribothymidine,CCCCCCCCCCCCCCCC(=O)OC[C@H]1O[C@@H](n2cc(C)c(=O)[nH]c2=O)[C@H](O)[C@@H]1O,-0.69201813,0.35668202,0.25246872,-0.05999804,0.99193592,1.03285404,0.00000000,11.35973600,1.36760228,6.81479567,11.19991845,1.00000000,0.00000000,0.00000000,3.00000000,1.00000000,1.00000000,1.00000000,3.00000000,5.00000000,1.00000000,0.00000000,2.00000000,0.00000000
28,5'-O-Lauroyluridine,CCCCCCCCCCCC(=O)OC[C@H]1O[C@@H](n2ccc(=O)[nH]c2=O)[C@H](O)[C@@H]1O,-0.62702031,0.31698881,0.37471272,-0.02426872,1.02690025,1.04329589,0.00000000,2.53453174,1.36386596,6.79735275,11.15941651,1.00000000,1.00000000,0.00000000,3.00000000,1.00000000,0.00000000,1.00000000,2.00000000,5.00000000,1.00000000,0.00000000,2.00000000,0.00000000
29,5'-O-Myristoyluridine,CCCCCCCCCCCCCC(=O)OC[C@H]1O[C@@H](n2ccc(=O)[nH]c2=O)[C@H](O)[C@@H]1O,-0.65096750,0.31959716,0.37455614,-0.02164462,1.02264327,1.00165382,0.00000000,2.53453174,1.35823814,6.80279783,11.15941651,1.00000000,1.00000000,0.00000000,3.00000000,1.00000000,0.00000000,1.00000000,2.00000000,5.00000000,1.00000000,0.00000000,2.00000000,0.00000000
30,5'-O-Palmitoyluridine,CCCCCCCCCCCCCCCC(=O)OC[C@H]1O[C@@H](n2ccc(=O)[nH]c2=O)[C@H](O)[C@@H]1O,-0.68584787,0.31820484,0.37439953,-0.01952696,1.01939641,0.96881395,0.00000000,2.53453174,1.35328438,6.80624654,11.15941651,1.00000000,1.00000000,0.00000000,3.00000000,1.00000000,0.00000000,1.00000000,2.00000000,5.00000000,1.00000000,0.00000000,2.00000000,0.00000000
31,A C–C linked benzyl azide ‘click’ conjugate of 8-aza-7-deaza-2′-deoxyadenosine,Nc1ncnc2c1c(-c1cn(Cc3ccccc3)nn1)nn2[C@H]1C[C@H](O)[C@@H](CO)O1,-1.15713811,0.03973678,0.18061166,-0.05652285,0.92574963,0.97425323,16.66300743,3.18557495,1.43882504,6.85497689,12.15793314,0.00000000,0.00000000,0.00000000,3.00000000,5.00000000,0.00000000,0.00000000,2.00000000,8.00000000,0.00000000,5.00000000,3.00000000,0.00000000
32,"The isomeric regio-conjugate of 8-aza-7-deaza-2′-deoxyadenosine, a C–N connectivity between the nucleobase and the triazole moiety",Nc1ncnc2c1c(-n1cc(Cc3ccccc3)nn1)nn2[C@H]1C[C@H](O)[C@@H](CO)O1,-1.15713811,0.07984116,0.17970704,-0.05511266,1.05388240,0.97018794,1.77657065,3.18557495,1.43786977,6.85497689,12.15793314,0.00000000,0.00000000,0.00000000,3.00000000,4.00000000,0.00000000,0.00000000,2.00000000,9.00000000,0.00000000,4.00000000,3.00000000,0.00000000
33,A benzyl azide conjugate with a long linker arm attached to 8-aza-7-deaza-2′-deoxyadenosine,Nc1ncnc2c1c(C#CCCCCc1cn(Cc3ccccc3)nn1)nn2[C@H]1C[C@H](O)[C@@H](CO)O1,-1.69363086,0.21269590,0.21098461,-0.03076104,1.03748398,1.01449456,16.66300743,27.81974394,1.41233674,6.80739523,11.89417815,0.00000000,0.00000000,0.00000000,2.00000000,2.00000000,0.00000000,1.00000000,3.00000000,5.00000000,0.00000000,0.00000000,1.00000000,0.00000000
34,A benzyl azide conjugate with a branched side chain attached to 8-aza-7-deaza-2′-deoxyadenosine,Nc1ncnc2c1c(C#CCN(Cc1cn(Cc3ccccc3)nn1)Cc1cn(Cc3ccccc3)nn1)nn2[C@H]1C[C@H](O)[C@@H](CO)O1,-2.22218978,0.03907277,0.21681763,-0.15078239,0.99562944,0.99403011,16.66300743,23.40172368,1.41501284,6.78591026,11.89418994,0.00000000,0.00000000,0.00000000,2.00000000,2.00000000,0.00000000,1.00000000,2.00000000,9.00000000,0.00000000,1.00000000,1.00000000,0.00000000
35,"A 7-deazaadenine click conjugate with a pyrrolo[2,3-d]pyrimidine moiety, having one less nitrogen atom in the nucleobase structure",Nc1ncnc2c1c(-c1cn(Cc3ccccc3)nn1)cn2[C@H]1C[C@H](O)[C@@H](CO)O1,-1.15713811,0.01001880,0.18281052,-0.07542656,0.94947402,1.01482746,0.00000000,3.18557495,1.43892553,6.85497689,12.15793314,0.00000000,0.00000000,0.00000000,2.00000000,5.00000000,1.00000000,0.00000000,3.00000000,5.00000000,0.00000000,5.00000000,3.00000000,0.00000000
36,"8-Methoxy-2′,3′,5′-tri-O-acetylguanosine (8OMeTAcG)",COc1nc2c(=O)[nH]c(N)nc2n1[C@@H]1O[C@H](COC(C)=O)[C@@H](OC(C)=O)[C@H]1OC(C)=O,-0.75747354,0.27311431,0.30907052,0.13200801,0.98663548,0.97642428,33.57105910,0.00000000,1.40957643,6.62812289,12.38781508,0.00000000,0.00000000,0.00000000,2.00000000,4.00000000,0.00000000,0.00000000,0.00000000,8.00000000,1.00000000,1.00000000,7.00000000,1.00000000
37,8-Methoxyguanosine (8OMeG),COc1nc2c(=O)[nH]c(N)nc2n1[C@@H]1O[C@H](CO)[C@@H](O)[C@H]1O,-5.17055229,0.22646409,0.32374203,-0.06935935,0.99983612,1.16476420,33.57105910,0.00000000,1.39767433,6.60258320,12.24353179,0.00000000,0.00000000,0.00000000,7.00000000,3.00000000,0.00000000,0.00000000,0.00000000,8.00000000,1.00000000,1.00000000,4.00000000,0.00000000
38,8-Bromoguanosine (8BrG),Nc1nc2c(nc(Br)n2[C@@H]2O[C@H](CO)[C@@H](O)[C@H]2O)c(=O)[nH]1,-3.08737186,0.23294042,0.32296595,0.13475207,1.04179939,0.94995286,16.78552955,45.95409360,1.38702883,6.58513593,12.14841240,0.00000000,0.00000000,0.00000000,5.00000000,3.00000000,0.00000000,2.00000000,2.00000000,6.00000000,1.00000000,1.00000000,4.00000000,0.00000000
39,"2′,3′,5′-tri-O-acetylguanosine (TAcG)",CC(=O)OC[C@H]1O[C@@H](n2cnc3c(=O)[nH]c(N)nc32)[C@H](OC(C)=O)[C@@H]1OC(C)=O,-0.52065250,0.22653069,0.28796933,0.15910553,0.96354018,0.93679426,16.78552955,0.00000000,1.42502813,6.28749346,11.90717244,0.00000000,0.00000000,0.00000000,1.00000000,4.00000000,0.00000000,0.00000000,0.00000000,6.00000000,1.00000000,1.00000000,7.00000000,1.00000000
40,Guanosine-5′-Hydrazide,NNC(=O)[C@H]1O[C@@H](n2cnc3c(=O)[nH]c(N)nc32)[C@H](O)[C@@H]1O,-3.27696079,0.21485944,0.29402098,-0.07702771,0.93374996,0.99690569,16.78552955,0.00000000,1.43338154,6.49537413,11.70768414,0.00000000,0.00000000,0.00000000,7.00000000,3.00000000,0.00000000,0.00000000,0.00000000,6.00000000,1.00000000,2.00000000,4.00000000,0.00000000
41,5′-Hydrazino-guanosine,NNC[C@H]1O[C@@H](n2cnc3c(=O)[nH]c(N)nc32)[C@H](O)[C@@H]1O,-2.83022320,0.28320558,0.30348783,-0.05393798,0.96652088,0.94479914,16.78552955,0.00000000,1.41537116,6.69296813,11.64177076,0.00000000,0.00000000,0.00000000,6.00000000,1.00000000,0.00000000,0.00000000,0.00000000,5.00000000,0.00000000,2.00000000,2.00000000,0.00000000
42,5′-Amino-guanosine (NH₂G),NC[C@H]1O[C@@H](n2cnc3c(=O)[nH]c(N)nc32)[C@H](O)[C@@H]1O,-2.78145601,0.19126595,0.30184013,-0.04276137,0.94725748,0.87317808,16.78552955,0.00000000,1.42189779,6.45167258,11.63970504,0.00000000,0.00000000,0.00000000,5.00000000,1.00000000,0.00000000,0.00000000,0.00000000,5.00000000,0.00000000,2.00000000,2.00000000,0.00000000
43,5′-Hydroxylamino-guanosine (NHOH-G),Nc1nc2c(ncn2[C@@H]2O[C@H](CNO)[C@@H](O)[C@H]2O)c(=O)[nH]1,-2.83022320,0.28999317,0.30362722,-0.04707043,0.96700672,0.93282662,16.78552955,0.00000000,1.41537116,6.69296813,11.64177076,0.00000000,0.00000000,0.00000000,6.00000000,1.00000000,0.00000000,0.00000000,0.00000000,6.00000000,0.00000000,2.00000000,2.00000000,1.00000000
44,Guanosine-5′-monophosphate (GMP),Nc1nc2c(ncn2[C@@H]2O[C@H](COP(=O)(O)O)[C@@H](O)[C@H]2O)c(=O)[nH]1,-0.88482178,0.29524684,0.29804930,-0.04363803,1.15516967,1.09167245,16.78552955,0.00000000,1.44786707,6.13979617,11.64233637,0.00000000,0.00000000,0.00000000,6.00000000,6.00000000,0.00000000,0.00000000,0.00000000,6.00000000,1.00000000,1.00000000,7.00000000,0.00000000
45,A 9-octyl-9H-carbazole group attached to the 5-position of uridine,CCCCCCCCn1c2ccccc2c2cc(-c3cn([C@@H]4O[C@H](CO)[C@@H](O)[C@H]4O)c(=O)[nH]c3=O)ccc21,-1.50186235,0.11514475,0.20639291,0.07515999,1.04288672,0.90155462,0.00000000,34.14884911,1.45013403,7.01556390,12.16936921,1.00000000,0.00000000,2.00000000,4.00000000,1.00000000,1.00000000,3.00000000,3.00000000,5.00000000,1.00000000,0.00000000,2.00000000,0.00000000
46,A 9-dodecyl-9H-carbazole group attached to the 5-position of uridine,CCCCCCCCCCCCn1c2ccccc2c2cc(-c3cn([C@@H]4O[C@H](CO)[C@@H](O)[C@H]4O)c(=O)[nH]c3=O)ccc21,-0.92431037,0.54510515,0.20624831,0.07147984,1.03494020,0.86579820,0.00000000,34.14884911,1.43486357,7.03592140,12.16936921,1.00000000,0.00000000,2.00000000,4.00000000,1.00000000,1.00000000,3.00000000,3.00000000,5.00000000,1.00000000,0.00000000,2.00000000,0.00000000
47,A 9-hexadecyl-9H-carbazole group attached to the 5-position of uridine,CCCCCCCCCCCCCCCCn1c2ccccc2c2cc(-c3cn([C@@H]4O[C@H](CO)[C@@H](O)[C@H]4O)c(=O)[nH]c3=O)ccc21,-0.26581091,0.73707288,0.20608182,0.06703105,1.02935341,0.84075805,0.00000000,34.14884911,1.42198845,7.04316628,12.16936921,1.00000000,0.00000000,2.00000000,4.00000000,1.00000000,1.00000000,3.00000000,3.00000000,5.00000000,1.00000000,0.00000000,2.00000000,0.00000000
48,Cytidine (C),Nc1ccn([C@@H]2O[C@H](CO)[C@@H](O)[C@H]2O)c(=O)n1,-1.44198541,0.06656224,0.34526478,-0.10043338,0.99419691,1.02301987,16.78552955,9.47624747,1.38740841,6.33791879,11.15272269,0.00000000,1.00000000,0.00000000,4.00000000,1.00000000,0.00000000,1.00000000,1.00000000,4.00000000,0.00000000,0.00000000,2.00000000,0.00000000
49,Arabino-cytidine (arabinoC),Nc1ccn([C@@H]2O[C@H](CO)[C@@H](O)[C@@H]2O)c(=O)n1,-1.44198541,0.06656224,0.34526478,-0.10043338,0.99419691,1.02301987,16.78552955,9.47624747,1.38740841,6.33791879,11.15272269,0.00000000,1.00000000,0.00000000,4.00000000,1.00000000,0.00000000,1.00000000,1.00000000,4.00000000,0.00000000,0.00000000,2.00000000,0.00000000
50,"2′,3′-Dideoxy-cytidine (ddC)",Nc1ccn([C@H]2CC[C@@H](CO)O2)c(=O)n1,-1.22914872,0.17508713,0.37857260,-0.05330387,1.03655088,1.21219568,16.78552955,14.54531095,1.36691122,6.02997305,10.05049834,0.00000000,1.00000000,2.00000000,1.00000000,1.00000000,1.00000000,0.00000000,1.00000000,2.00000000,0.00000000,0.00000000,1.00000000,0.00000000
51,Inosine,O=c1[nH]cnc2c1ncn2[C@@H]1O[C@H](CO)[C@@H](O)[C@H]1O,-3.16286087,0.19600230,0.18477840,-0.07388427,0.88535869,1.04012627,0.00000000,0.00000000,1.41313279,6.45242338,11.60704071,0.00000000,0.00000000,0.00000000,4.00000000,2.00000000,0.00000000,0.00000000,0.00000000,6.00000000,1.00000000,0.00000000,3.00000000,0.00000000
52,5′-Deoxy-5′-Iodoguanosine,Nc1nc2c(ncn2[C@@H]2O[C@H](CI)[C@@H](O)[C@H]2O)c(=O)[nH]1,-2.78145601,0.15096508,0.30349673,-0.03957839,0.91536216,0.92540244,16.78552955,0.00000000,1.38215564,6.45167258,11.63970504,0.00000000,0.00000000,0.00000000,3.00000000,0.00000000,0.00000000,1.00000000,0.00000000,5.00000000,0.00000000,1.00000000,2.00000000,0.00000000
53,N₄-tetradecanoyl-2'-deoxycytidine,CCCCCCCCCCCCCC(=O)Nc1ccn([C@H]2C[C@H](O)[C@@H](CO)O2)c(=O)n1,-0.81774357,0.27190359,0.41146460,-0.00093283,1.02711590,1.01644897,16.78552955,12.01077921,1.34250199,6.50331128,10.22965007,0.00000000,1.00000000,0.00000000,1.00000000,1.00000000,1.00000000,1.00000000,3.00000000,5.00000000,0.00000000,0.00000000,1.00000000,1.00000000
54,N₄-dodecanoyl-2'-deoxycytidine,CCCCCCCCCCCC(=O)Nc1ccn([C@H]2C[C@H](O)[C@@H](CO)O2)c(=O)n1,-0.81228766,0.25134986,0.41163735,-0.00131304,1.03353160,1.06853770,16.78552955,12.01077921,1.34719438,6.49785585,10.22965007,0.00000000,1.00000000,0.00000000,1.00000000,1.00000000,1.00000000,1.00000000,3.00000000,5.00000000,0.00000000,0.00000000,1.00000000,1.00000000
55,N₄-decanoyl-2'-deoxycytidine,CCCCCCCCCC(=O)Nc1ccn([C@H]2C[C@H](O)[C@@H](CO)O2)c(=O)n1,-0.83057218,0.21811459,0.41182047,-0.00185986,1.04248212,1.13826564,16.78552955,12.01077921,1.35259826,6.48849566,10.22965007,0.00000000,1.00000000,0.00000000,1.00000000,1.00000000,1.00000000,1.00000000,3.00000000,5.00000000,0.00000000,0.00000000,1.00000000,1.00000000
56,N₄-octanoyl-2'-deoxycytidine,CCCCCCCC(=O)Nc1ccn([C@H]2C[C@H](O)[C@@H](CO)O2)c(=O)n1,-0.87625024,0.16892469,0.41206163,-0.00267602,1.05552788,1.23572592,16.78552955,12.01077921,1.35891745,6.47039066,10.22965007,0.00000000,1.00000000,0.00000000,1.00000000,1.00000000,1.00000000,1.00000000,3.00000000,5.00000000,0.00000000,0.00000000,1.00000000,1.00000000
57,N₄-hexanoyl-2'-deoxycytidine,CCCCCC(=O)Nc1ccn([C@H]2C[C@H](O)[C@@H](CO)O2)c(=O)n1,-0.94791982,0.10384393,0.41263131,-0.00395358,1.07568656,1.39929253,16.78552955,12.01077921,1.36649031,6.42808722,10.22965006,0.00000000,1.00000000,0.00000000,1.00000000,1.00000000,1.00000000,1.00000000,3.00000000,5.00000000,0.00000000,0.00000000,1.00000000,1.00000000
58,"N₄-tetradecanoyl-2′,3′-dideoxycytidine",CCCCCCCCCCCCCC(=O)Nc1ccn([C@H]2CC[C@@H](CO)O2)c(=O)n1,-0.80971835,0.24339240,0.40545446,0.00754005,1.01161975,1.02984526,16.78552955,17.07984269,1.33474398,6.46260359,10.06436532,0.00000000,1.00000000,2.00000000,1.00000000,1.00000000,2.00000000,1.00000000,2.00000000,3.00000000,0.00000000,0.00000000,1.00000000,0.00000000
59,"N₄-dodecanoyl-2′,3′-dideoxycytidine",CCCCCCCCCCCC(=O)Nc1ccn([C@H]2CC[C@@H](CO)O2)c(=O)n1,-0.79833160,0.22244931,0.40562478,0.00813786,1.01647694,1.08385186,16.78552955,17.07984269,1.33902979,6.45714816,10.06436532,0.00000000,1.00000000,2.00000000,1.00000000,1.00000000,2.00000000,1.00000000,2.00000000,3.00000000,0.00000000,0.00000000,1.00000000,0.00000000
60,"N₄-decanoyl-2′,3′-dideoxycytidine",CCCCCCCCCC(=O)Nc1ccn([C@H]2CC[C@@H](CO)O2)c(=O)n1,-0.80946510,0.18812099,0.40580549,0.00881735,1.02354574,1.15679270,16.78552955,17.07984269,1.34398992,6.44778796,10.06436532,0.00000000,1.00000000,2.00000000,1.00000000,1.00000000,2.00000000,1.00000000,2.00000000,3.00000000,0.00000000,0.00000000,1.00000000,0.00000000
61,"N₄-octanoyl-2′,3′-dideoxycytidine",CCCCCCCC(=O)Nc1ccn([C@H]2CC[C@@H](CO)O2)c(=O)n1,-0.84641532,0.13635497,0.40604429,0.00958115,1.03429609,1.25990521,16.78552955,17.07984269,1.34982699,6.42968296,10.06436532,0.00000000,1.00000000,2.00000000,1.00000000,1.00000000,2.00000000,1.00000000,2.00000000,3.00000000,0.00000000,0.00000000,1.00000000,0.00000000
62,5'-O-Decanoylgemcitabine,CCCCCCCCCC(=O)OC[C@H]1O[C@@H](n2ccc(N)nc2=O)C(F)(F)[C@@H]1O,-0.60672724,0.34965496,0.22910435,-0.01703841,1.03485329,0.84296569,46.70575609,12.01077921,1.36095104,7.74753966,14.12164731,0.00000000,1.00000000,0.00000000,0.00000000,1.00000000,0.00000000,0.00000000,2.00000000,4.00000000,1.00000000,0.00000000,2.00000000,0.00000000
63,5′-O-Octanoylgemcitabine,CCCCCCCC(=O)OC[C@H]1O[C@@H](n2ccc(N)nc2=O)C(F)(F)[C@@H]1O,-0.64554108,0.32843580,0.22919751,-0.01992987,1.06286634,0.90321371,46.70575609,12.01077921,1.36753998,7.72949014,14.12164731,0.00000000,1.00000000,0.00000000,0.00000000,1.00000000,0.00000000,0.00000000,2.00000000,4.00000000,1.00000000,0.00000000,2.00000000,0.00000000
64,L-Guanosine,Nc1nc2c(ncn2[C@H]2O[C@@H](CO)[C@H](O)[C@@H]2O)c(=O)[nH]1,-2.78145601,0.19620462,0.30155214,-0.04784459,0.97268111,0.94042969,16.78552955,0.00000000,1.41801978,6.45167258,11.63970504,0.00000000,0.00000000,0.00000000,5.00000000,3.00000000,0.00000000,0.00000000,0.00000000,6.00000000,1.00000000,1.00000000,4.00000000,0.00000000
65,"1-[3,4-Dihydroxy-5-(hydroxymethyl)oxolan-2-yl]-1,3,5-triazinane-2,4,6-trione (DTT)",O=c1[nH]c(=O)n([C@@H]2O[C@H](CO)[C@@H](O)[C@H]2O)c(=O)[nH]1,-1.49279192,0.02471411,0.52506226,-0.12088734,0.89136270,1.19642821,0.00000000,0.00000000,1.41864753,6.45319612,11.58334890,3.00000000,0.00000000,0.00000000,6.00000000,1.00000000,0.00000000,0.00000000,0.00000000,8.00000000,1.00000000,0.00000000,2.00000000,0.00000000
66,xanthosine,OC[C@H]1O[C@@H](n2cnc3c(O)nc(O)nc32)[C@H](O)[C@@H]1O,-2.78145601,0.24979786,0.28014978,-0.08071278,0.91278098,0.98215380,33.57105910,0.00000000,1.39087709,6.45167258,11.63970504,0.00000000,0.00000000,0.00000000,5.00000000,3.00000000,0.00000000,0.00000000,0.00000000,9.00000000,1.00000000,0.00000000,3.00000000,0.00000000
67,inosine 5’-monophosphate,O=P(O)(O)OC[C@H]1O[C@@H](n2cnc3c(O)ncnc32)[C@H](O)[C@@H]1O,-0.39248609,0.32524065,0.15591780,-0.07064848,1.10240402,1.17610790,16.78552955,0.00000000,1.42629757,6.45294964,11.60991622,0.00000000,0.00000000,0.00000000,5.00000000,5.00000000,0.00000000,0.00000000,0.00000000,7.00000000,1.00000000,0.00000000,6.00000000,0.00000000
68,5-fluorouridine,O=c1[nH]c(=O)n([C@@H]2O[C@H](CO)[C@@H](O)[C@H]2O)cc1F,-1.51837973,0.10446149,0.20327873,-0.08174627,1.07044887,1.33209154,14.96011327,0.00000000,1.41247054,6.34647233,11.19374586,1.00000000,0.00000000,0.00000000,4.00000000,1.00000000,0.00000000,0.00000000,0.00000000,5.00000000,1.00000000,0.00000000,1.00000000,0.00000000
69,8-aminoguanosine,Nc1nc2c(nc(N)n2[C@@H]2O[C@H](CO)[C@@H](O)[C@H]2O)c(=O)[nH]1,-3.08737186,0.22358031,0.33868862,0.00444131,0.99244318,0.98322668,16.78552955,0.00000000,1.42420929,6.58513593,12.14841240,0.00000000,0.00000000,0.00000000,7.00000000,3.00000000,0.00000000,0.00000000,0.00000000,6.00000000,1.00000000,2.00000000,5.00000000,0.00000000
70,2’-deoxyguanosine 5’-monophosphate,Nc1nc2c(ncn2C2C[C@H](O)[C@@H](COP(=O)(O)O)O2)c(=O)[nH]1,-0.92847539,0.30132965,0.32586516,-0.03021438,1.20642531,1.46220950,16.78552955,0.00000000,1.45367779,6.03174785,11.29346550,0.00000000,0.00000000,0.00000000,3.00000000,6.00000000,0.00000000,0.00000000,4.00000000,6.00000000,1.00000000,1.00000000,5.00000000,0.00000000
71,8-hydroxyguanosine,Nc1nc2c([nH]c(=O)n2[C@@H]2O[C@H](CO)[C@@H](O)[C@H]2O)c(=O)[nH]1,-3.08737186,0.17668431,0.35635433,-0.05401303,0.98171623,1.11378254,16.78552955,0.00000000,1.43899897,6.58513593,12.14841240,0.00000000,0.00000000,0.00000000,6.00000000,3.00000000,0.00000000,0.00000000,0.00000000,7.00000000,1.00000000,1.00000000,4.00000000,0.00000000
72,inosine-5’-carboxylic acid,O=C(O)[C@H]1OC(n2cnc3c(O)ncnc32)[C@H](O)[C@@H]1O,-2.74813283,0.20550883,0.14956778,-0.12607108,0.84729305,1.15795100,16.78552955,0.00000000,1.42380518,6.47304191,11.66759968,0.00000000,0.00000000,0.00000000,5.00000000,3.00000000,0.00000000,0.00000000,0.00000000,8.00000000,1.00000000,0.00000000,5.00000000,0.00000000
73,2’-amino-2’-deoxyguanosine,Nc1nc2c(ncn2[C@@H]2O[C@H](CO)[C@@H](O)[C@H]2N)c(=O)[nH]1,-2.78145601,0.19430830,0.30424555,-0.07935137,0.94970088,1.00878260,16.78552955,0.00000000,1.42371057,6.45167258,11.63970504,0.00000000,0.00000000,0.00000000,5.00000000,3.00000000,0.00000000,0.00000000,0.00000000,6.00000000,1.00000000,3.00000000,3.00000000,0.00000000
74,2’-O-Methylguanosine,CO[C@@H]1C(O)[C@@H](CO)O[C@H]1n1cnc2c(=O)[nH]c(N)nc21,-2.76066975,0.17764573,0.31413757,-0.03334820,1.16564291,1.09881705,16.78552955,0.00000000,1.39881544,6.47787752,11.76719870,0.00000000,0.00000000,0.00000000,3.00000000,3.00000000,0.00000000,0.00000000,0.00000000,6.00000000,1.00000000,1.00000000,4.00000000,0.00000000
75,"5,6-Dichlorobenzimidazole riboside",OC[C@H]1O[C@@H](n2cnc3cc(Cl)c(Cl)cc32)[C@H](O)[C@@H]1O,-2.17326979,0.32029743,0.01389366,0.09299118,0.95437607,1.02909597,0.00000000,18.95249495,1.36374207,6.41912793,11.51605721,0.00000000,0.00000000,0.00000000,3.00000000,0.00000000,0.00000000,1.00000000,2.00000000,3.00000000,0.00000000,0.00000000,1.00000000,0.00000000
76,9-(2-tetrahydropyranyl)adenine,Nc1ncnc2c1ncn2C1CCCCO1,-1.07523116,0.28260506,0.16442766,-0.06630482,0.91136664,1.50976028,0.00000000,7.60359522,1.39058494,6.60024901,11.18766587,0.00000000,0.00000000,2.00000000,0.00000000,0.00000000,0.00000000,0.00000000,1.00000000,3.00000000,0.00000000,0.00000000,0.00000000,0.00000000
77,9-(2-tetrahydrofuryl)adenine,Nc1ncnc2c1ncn2C1CCCO1,-1.94113147,0.30016356,0.16315604,-0.10244230,0.69886206,1.53410639,0.00000000,5.06906348,1.39165910,6.39495829,11.18844770,0.00000000,0.00000000,2.00000000,0.00000000,0.00000000,0.00000000,0.00000000,1.00000000,3.00000000,0.00000000,0.00000000,0.00000000,0.00000000
78,2-thiocytidine,Nc1ccn([C@@H]2O[C@H](CO)[C@@H](O)[C@H]2O)c(=S)n1,-1.44198541,0.07483816,0.27872199,0.09423262,1.09811139,0.90668366,0.00000000,54.66827658,1.35479387,6.33791879,11.15272269,0.00000000,1.00000000,0.00000000,3.00000000,1.00000000,0.00000000,1.00000000,1.00000000,3.00000000,0.00000000,0.00000000,2.00000000,0.00000000
79,"2’,3’-dideoxy-2’,3’-didehydroadenosine",Nc1ncnc2c1ncn2[C@H]1C=C[C@@H](CO)O1,-2.85932076,0.35024201,0.16278435,-0.09163602,0.90004763,1.31010106,0.00000000,9.47624747,1.38612834,6.35784104,11.20459866,0.00000000,2.00000000,0.00000000,1.00000000,2.00000000,1.00000000,0.00000000,1.00000000,3.00000000,0.00000000,0.00000000,2.00000000,0.00000000
80,"2',5'-dideoxyadenosine",C[C@H]1O[C@@H](n2cnc3c(N)ncnc32)C[C@@H]1O,-4.43765392,0.27473518,0.17493804,-0.07077415,1.03289141,1.15670256,0.00000000,8.82520426,1.41974976,6.33627196,11.22758435,0.00000000,0.00000000,3.00000000,0.00000000,0.00000000,1.00000000,0.00000000,1.00000000,4.00000000,0.00000000,0.00000000,0.00000000,0.00000000
81,2'-C-methyladenosine,C[C@@]1(O)[C@H](O)[C@@H](CO)O[C@H]1n1cnc2c(N)ncnc21,-3.29962056,0.19792002,0.11297555,-0.20730623,0.74587006,0.84880679,0.00000000,8.82520426,1.42179970,7.30813822,14.14500163,0.00000000,0.00000000,3.00000000,4.00000000,2.00000000,1.00000000,1.00000000,0.00000000,5.00000000,0.00000000,0.00000000,4.00000000,0.00000000
82,gemcitabine,Nc1ccn([C@@H]2O[C@H](CO)[C@@H](O)C2(F)F)c(=O)n1,-1.52840809,0.02529057,0.23063562,-0.06385347,1.09732603,0.76320206,46.70575609,9.47624747,1.38979197,7.29754456,14.11993947,0.00000000,1.00000000,0.00000000,1.00000000,1.00000000,0.00000000,0.00000000,1.00000000,4.00000000,0.00000000,0.00000000,1.00000000,0.00000000
83,"2-chloro-2',3'-O-isopropylideneadenosine-5'-N-ethylcarboxamide",CCNC(=O)[C@H]1O[C@@H](n2cnc3c(N)nc(Cl)nc32)[C@@H]2OC(C)(C)O[C@@H]21,-1.59365085,0.22336777,0.22504188,0.13935589,0.91488201,1.55207023,33.57105910,65.62425685,1.43669384,6.87990447,12.39020707,0.00000000,0.00000000,3.00000000,2.00000000,2.00000000,0.00000000,0.00000000,2.00000000,5.00000000,0.00000000,1.00000000,4.00000000,0.00000000
84,2-chloro-9-(2-tetrahydropyranyl)adenine,Nc1nc(Cl)nc2c1ncn2C1CCCCO1,-1.37980622,0.29669942,0.25215269,0.03976147,0.91104365,1.65600967,33.57105910,46.75223928,1.36074790,6.61338333,11.25000367,0.00000000,0.00000000,2.00000000,0.00000000,0.00000000,0.00000000,0.00000000,1.00000000,3.00000000,0.00000000,0.00000000,0.00000000,0.00000000
85,7-deaza-2′-C-methyladenosine,C[C@@]1(O)[C@H](O)[C@@H](CO)O[C@H]1n1ccc2c(N)ncnc21,-3.29962056,0.21189268,0.12334940,-0.19025688,0.86051214,0.85185319,0.00000000,18.30145174,1.43472625,7.30813822,14.14500163,0.00000000,0.00000000,3.00000000,3.00000000,2.00000000,2.00000000,3.00000000,2.00000000,4.00000000,0.00000000,0.00000000,3.00000000,0.00000000
86,2'-C-methylcytidine,C[C@@]1(O)[C@H](O)[C@@H](CO)O[C@H]1n1ccc(N)nc1=O,-1.52840809,0.01013490,0.27844395,-0.21350252,0.82929345,0.87943969,16.78552955,18.30145174,1.42172978,7.29754456,14.11993947,0.00000000,1.00000000,3.00000000,4.00000000,1.00000000,1.00000000,2.00000000,1.00000000,4.00000000,0.00000000,0.00000000,2.00000000,0.00000000
